stage,torque_R2,MAE
butter_lag_optuna,0.8385019679212935,0.8326615414606693
