torque,activations,forces,fatigue,mean
0.6666557118296623,0.7820701543241739,0.7810536902397871,0.885397169739008,0.8046722899262722
