torque,activations,forces,fatigue,mean
0.8267225478190194,0.9218834305631967,0.9159690654321225,0.8924591043571112,0.9036899191714416
