torque,activations,forces,fatigue,mean
0.7817044585304428,0.8725382264181534,0.8810722325940845,0.8445058630807714,0.8595515189924985
