torque,activations,forces,fatigue,mean
0.7194644147721471,0.8175743380938106,0.8158787280110902,0.9230388195225958,0.841956304406318
