torque,activations,forces,fatigue,mean
0.5987639216041151,0.38692454148904,0.6319586928770999,0.8808107881970226,0.6305800009120589
